order_id,customer_id,order_date,amount,payment_method,channel
abed14ec-05f5-41e8-9b06-f5865bc9ab95,144456,2025-07-07,168.7,cash,android
3d784fff-18e4-409f-a257-cd690ff013ea,121278,2025-07-07,111.72,paypal,ios
224ad50b-0c24-4462-9410-aa82c4c05364,107631,2025-07-07,340.66,card,web
5ae245e6-dec3-40ab-abf2-c86a984d0283,142715,2025-07-07,227.37,card,store
af5be369-8d2e-4da1-a624-be9558ee615a,118207,2025-07-07,327.4,paypal,web
5dcbc73a-1015-469f-82bf-c371b8bdb904,144791,2025-07-07,5.67,cash,store
e6a3ba0e-0067-46c7-9f42-1c751d0c7b1c,124866,2025-07-07,214.88,cash,store
75ea7d95-631e-40ad-8aa8-c02589301435,117755,2025-07-07,311.77,applepay,android
ce8662be-8832-4c29-92c2-05dd6fa0c573,107203,2025-07-07,405.81,cash,web
219d477f-47cb-4d27-8590-a919d7faf5d7,116806,2025-07-07,41.16,applepay,ios
57c6829a-1c28-4d31-925a-33ee781e92bc,141004,2025-07-07,273.85,card,ios
e822c971-92cf-40f0-8280-6df0c87dee56,125924,2025-07-07,241.1,applepay,ios
a3b887a6-280a-4c2b-b449-3be9b9cf2bc0,118826,2025-07-07,442.34,paypal,android
48be43d8-72cd-4077-9f3a-a3717a446691,135354,2025-07-07,302.49,cash,android
b68f1070-abbe-4238-b0bd-3a8716708cbf,137994,2025-07-07,300.68,card,store
0ce9e32b-ed98-43dc-b787-95d4806f1f6b,148003,2025-07-07,129.87,cash,android
13cdc890-350e-4cf7-9f4b-b1bdbeb274dc,137510,2025-07-07,178.38,card,web
6eac185d-7276-45dc-a44d-f7261d351228,126280,2025-07-07,323.87,applepay,store
7b212198-a201-4596-a2d1-a144e6761d9c,117385,2025-07-07,418.02,card,web
1124be9c-4c30-4ce3-bc49-1f31a68baa07,113459,2025-07-07,73.92,card,store
c80ff2ce-d12f-4b62-b02b-053cb53ba930,138054,2025-07-07,125.29,cash,ios
b5ffff5b-ff6a-49bb-a7b6-19043dfb3d62,108541,2025-07-07,462.16,paypal,android
e8116bd1-197c-4536-be7c-80e9addb1d08,119968,2025-07-07,311.6,card,android
166585e9-9008-4249-beb7-85c3fc337ce5,128356,2025-07-07,378.7,cash,web
af8666ba-4861-401e-94b7-2259d0f81840,114075,2025-07-07,417.29,card,web
0836bdb5-5164-40e4-b8ce-b9cbd7abe5f1,118131,2025-07-07,74.84,card,android
23a64b4f-1001-422b-a991-11acd4a6dbed,127124,2025-07-07,86.75,cash,android
f598971d-8ecf-499a-b8a1-dbf2526b6561,123068,2025-07-07,155.69,cash,store
b62e2b5c-1ccb-4dbe-90dc-44a2380c10ac,110413,2025-07-07,248.44,card,android
4cac09fb-88af-46c9-8712-dd822d33bbaf,143312,2025-07-07,348.76,paypal,web
3a6557cf-6f63-4936-8b24-f30280bd36ad,122743,2025-07-07,44.66,applepay,android
cf298c8b-787c-4021-92ce-df998bb70eff,126161,2025-07-07,117.43,cash,ios
6becee1d-698d-4cce-b832-f67dd030cb58,104964,2025-07-07,127.71,applepay,web
c104cb67-8cf0-4deb-ba65-3ba91fbbacac,109253,2025-07-07,462.34,applepay,web
c25bc2fb-15c8-4072-b7bc-3cb0cfe1b0b1,134593,2025-07-07,80.66,applepay,ios
0f7dd0c7-4240-4a32-9c53-196c17ee4abf,131064,2025-07-07,496.39,card,ios
9135bd4f-def7-4b96-8147-d2b8dfc2c55d,103010,2025-07-07,278.7,paypal,web
7de94ce9-4e3a-4edb-b718-2c8b0f67c3a9,115601,2025-07-07,445.14,cash,store
5a29d4be-6175-46a4-91d8-4d9b07b7f9fa,143893,2025-07-07,49.9,paypal,android
53fc5d72-ec7d-4d40-88d8-b7c008dd4b91,118961,2025-07-07,358.54,applepay,store
89933711-c962-421f-b2a7-4e572cab2867,148869,2025-07-07,106.0,cash,web
1ef856bf-5de0-40cf-9c08-6915938c67d5,105633,2025-07-07,352.41,cash,android
c0d128b8-452f-484b-955f-21d76b6a6d36,108905,2025-07-07,48.05,paypal,android
ac8920c6-2057-4d91-a2fd-7507a2d3da81,112649,2025-07-07,384.28,card,web
a7cd23f0-d819-4d4e-9987-29583d11a0c3,124393,2025-07-07,216.58,applepay,web
0096c4b9-929a-44f0-bb32-c02c34fe0cb9,137922,2025-07-07,451.06,paypal,android
7f1e0b06-7b87-4b8b-b5c5-657581c4698e,102329,2025-07-07,113.23,applepay,web
25670863-88f2-4fd1-b63c-87a5ee904a89,104705,2025-07-07,335.71,applepay,store
aed7f481-aa8b-41ff-aee4-d159500ae11b,137351,2025-07-07,453.55,card,android
f9e9d42a-6455-4162-a072-b0035a94f8da,119607,2025-07-07,55.36,card,store
ed35ad36-e684-4911-af33-36661b25a655,136633,2025-07-07,74.37,cash,ios
356202d6-f244-455c-9bc4-b4bf963b6b3e,120435,2025-07-07,326.69,card,web
2bc8a269-cb34-4e91-be31-a9338c6b2df2,127593,2025-07-07,78.19,card,store
fb784c3f-ac7d-4a86-bb1b-e1d2d1323c11,125391,2025-07-07,14.52,paypal,android
208baae5-fe31-4528-941d-6a82ace09aae,104226,2025-07-07,98.03,paypal,web
58ab3579-8062-488c-a0b7-d2252d73dda2,103957,2025-07-07,305.07,applepay,store
cb2fd5ba-e534-4e19-8671-0758d48fde56,142008,2025-07-07,134.97,cash,ios
4a87f636-4d12-4c46-8b23-6b78a35564f0,133968,2025-07-07,141.18,paypal,android
8ebe5f56-e505-4cc1-a9e6-7ed889d1646c,135873,2025-07-07,42.53,applepay,ios
b66e813d-1a3b-4419-9979-eed4eb2d73e9,123578,2025-07-07,283.17,applepay,ios
e4f98c98-0810-42ca-ae65-750b5d56c7d7,149396,2025-07-07,150.45,card,store
4cb1b1ea-a9c6-4a85-9afc-36a2a3a02db4,112444,2025-07-07,137.01,card,ios
90bf6c8b-7bef-416f-8d14-0b5049542b5d,125336,2025-07-07,481.92,cash,web
2f87287f-01b6-431f-901d-f9daeea49232,131476,2025-07-07,213.71,cash,android
d9946943-8b31-453e-b7c7-c18f720c1d29,126744,2025-07-07,221.74,card,android
29743ef7-8af3-4e25-931b-771581d45e83,149655,2025-07-07,312.41,paypal,web
000cc9a0-33f0-4862-a8dc-a9d8b7b82895,140328,2025-07-07,294.96,cash,android
53a228f0-7027-4d6d-a7d6-8a51a8b74200,137667,2025-07-07,349.36,cash,web
a0d95a0f-26da-4a25-acf8-6fe76e907e77,148636,2025-07-07,171.48,card,store
939c1eec-5263-4cac-b2c9-289f09ccbec0,134626,2025-07-07,269.39,card,store
5aaec25e-eb95-490b-aa1b-72060376ed75,118098,2025-07-07,69.84,card,ios
d142acf1-571f-4b04-b6fb-514d0763bdaa,141377,2025-07-07,186.55,applepay,ios
eaf70906-5a8f-419d-818d-7a1f56f67831,139338,2025-07-07,40.35,card,ios
e8d590f5-9aef-4413-aaf1-fcc7017fdb29,113985,2025-07-07,249.54,card,web
f405501a-66b6-4bee-a7b8-61e40ec321fd,105730,2025-07-07,40.61,card,ios
ee70d3c1-ecf2-4231-96f1-06bad64cb296,144213,2025-07-07,451.99,applepay,web
ecb77a1f-c83f-4f91-82f8-c344b9931c2c,143565,2025-07-07,115.42,card,web
60147b5f-77f0-4cf5-b8c2-6c2c7b4074f8,122674,2025-07-07,417.43,paypal,ios
ead26eff-218c-4de4-a6df-e63ea13c9156,114987,2025-07-07,322.49,paypal,web
e3bc5ca0-2436-496c-b681-fa27fefcf640,116776,2025-07-07,452.73,card,ios
294b1c5d-5007-49f7-9077-7659b2649ab6,143603,2025-07-07,245.75,cash,android
0545dd1b-b969-439b-8520-a81b6afb5bed,111766,2025-07-07,176.88,applepay,ios
88539545-9776-491a-8ea8-78e3ea0bb04b,110386,2025-07-07,152.75,card,android
d68b614a-9400-4312-8048-225172764d03,124373,2025-07-07,258.79,card,web
26e2ef72-c831-4d1d-a846-2eccfd6d9193,135020,2025-07-07,152.26,card,store
f251cb74-87ec-442f-b491-0f534c3deada,149871,2025-07-07,191.58,card,android
5ea3eec6-1c92-4029-8fa1-d2d24edb5192,105234,2025-07-07,113.05,card,web
5973e4db-461f-4318-a7f8-f536b91e55b6,123650,2025-07-07,225.12,card,android
04356666-71e8-4d82-8755-f471de9468ef,116894,2025-07-07,266.63,applepay,web
041aa391-a7bc-4278-a5ab-27f4e0df2423,105836,2025-07-07,189.25,paypal,android
8fbc0624-f135-4146-9005-c653818e3703,108754,2025-07-07,349.13,card,web
cd813a92-3828-464b-82ba-8d9f7db2de27,129065,2025-07-07,416.96,card,web
0765fde9-da5e-49d2-8efd-d65ed3bc2da6,104017,2025-07-07,474.03,applepay,ios
51221480-2b94-4b46-95ef-f49d872f2895,121772,2025-07-07,192.39,paypal,android
1d5a5e96-e0c8-4cd8-a9dc-aa45fabbcbe7,149129,2025-07-07,310.15,cash,android
ef580eea-237b-4bab-98f8-14df663c5e22,128397,2025-07-07,76.12,card,android
7a874c8a-5158-4594-8a0f-aeee0fb8c72e,122282,2025-07-07,467.67,paypal,android
259cab7e-1cf1-45a2-9b91-0d25d6efe488,107056,2025-07-07,165.68,cash,store
2274adfd-3bf3-4f37-bb2b-d2497ac0f88a,138277,2025-07-07,5.95,cash,web
1302c872-f159-4397-a039-84bde3fe1c96,107836,2025-07-07,232.71,paypal,ios
d08f687c-0b63-4198-bba3-e1eacd70b820,109467,2025-07-07,163.01,applepay,store
64b57e81-c758-41e4-b871-53c0f98ba843,106019,2025-07-07,37.95,applepay,ios
452fe2e1-4dba-4322-873b-7ce1c131d4ca,140256,2025-07-07,298.19,card,store
fc679fef-59c5-4cd4-89c7-27c3364d774e,120924,2025-07-07,10.25,applepay,store
c1922a7f-ac84-4ea0-9226-3f1293853cd9,149119,2025-07-07,198.77,paypal,ios
dfec9477-aea3-41f2-8b8d-c23cc5a28590,131068,2025-07-07,172.23,card,android
557e4941-e400-4b56-b60f-39727c38aa68,108177,2025-07-07,205.82,cash,android
a6008587-d981-42bc-9b5f-85716554a17b,103488,2025-07-07,373.87,card,android
aa373219-4281-48fc-aa5f-27c37249a80d,106824,2025-07-07,340.34,card,android
5ed9f9e3-1076-4a25-9d21-8b6122e9ad79,128638,2025-07-07,457.37,card,store
719d89cf-cd54-48c9-b1b6-6d69b4198cfe,144898,2025-07-07,45.91,cash,store
60301a2c-58e0-4c0d-806e-30ef708102c3,106785,2025-07-07,387.41,paypal,android
546dc532-ddcc-4259-be83-14cd573332f1,134341,2025-07-07,435.59,card,web
e2bd0ad8-71bf-43f9-9d4d-15fb32794e64,105713,2025-07-07,51.7,cash,android
0c848499-2baa-416b-862f-c4e0e7ec90f8,104153,2025-07-07,162.3,paypal,ios
efc69f32-3017-44d7-bde8-f782efcf03d2,116504,2025-07-07,24.41,paypal,store
dd3eb0f4-0194-46e6-bc96-5959b77e4941,104918,2025-07-07,277.78,paypal,store
5a6eaa13-5ac4-4644-91e6-39c4ecf2b4c8,132085,2025-07-07,296.99,card,ios
5f739b76-6bbb-42f3-a9d4-841057be3a2e,128854,2025-07-07,274.42,applepay,store
21dc0550-2edd-4a30-9fb2-98db8d88a70f,120582,2025-07-07,109.0,paypal,web
ead06650-09a8-4fd3-9d4c-b44d56692954,131497,2025-07-07,92.88,cash,ios
4fe3b51f-dfa8-4331-9266-280949cbe8a5,146583,2025-07-07,487.81,cash,store
1f0c62e8-1574-45ac-a6df-8899d0c2d4b4,126386,2025-07-07,404.36,card,ios
ba64b99d-a9c3-42cc-bae7-de7fed0da96a,106095,2025-07-07,17.0,card,ios
499e0bdf-d043-47fb-9a95-2091218277a2,143416,2025-07-07,125.7,paypal,web
ea4ecc63-a555-4e4e-b2bf-acf6fd0cd590,124233,2025-07-07,464.47,cash,android
51851485-dfef-4374-8a0c-4f8ab1dcafa9,128981,2025-07-07,158.72,paypal,store
97066c3e-fbd8-49e7-98cb-5a8ff4a1fc9e,142481,2025-07-07,297.03,cash,ios
52803e8f-f6b4-440b-8f48-0f3ec8197392,101440,2025-07-07,202.41,applepay,store
b16b23eb-ef88-4707-a55e-26a5b68040b2,112680,2025-07-07,247.34,paypal,store
2cbc03fc-b821-47c3-b158-ab42c89a3546,146892,2025-07-07,17.92,applepay,store
efd89e38-5361-4056-ae26-69d3ecc674c7,101645,2025-07-07,321.33,applepay,store
2b6f3db8-922d-4ff3-869b-8088510654d5,137808,2025-07-07,496.27,applepay,android
6c290453-6574-4c08-acb2-a5b8231ffa20,111472,2025-07-07,477.08,card,ios
23806e29-b646-481e-8b3b-2ef4c8eb78e2,118776,2025-07-07,458.7,applepay,ios
fd1e1b76-8d60-41f6-b54c-989c43539e3e,136943,2025-07-07,135.07,card,android
e304ea6f-57cc-4667-bf53-019e05677ba4,148408,2025-07-07,276.35,cash,store
04aa064d-1fd7-45ec-914a-847351a9bfd5,139508,2025-07-07,324.64,applepay,web
5097038d-1867-447d-a0e8-c2f2674d2cf5,147722,2025-07-07,353.74,cash,ios
ceac4c61-04d6-41ed-8122-6f84f74b5422,120891,2025-07-07,127.32,applepay,store
fb0adc9e-9410-46b4-87ea-752bd3b54d83,123651,2025-07-07,281.37,cash,web
3d019dd9-2253-418a-a5e9-313d4e8f3e63,124042,2025-07-07,32.34,cash,ios
567473db-15d8-4bc8-807f-b5684e9a1c3f,124024,2025-07-07,94.08,paypal,web
67e18141-9acc-4199-99d4-8cfd7d5052ed,116161,2025-07-07,456.24,applepay,android
61ebc379-2f03-474f-8351-d1f682b7a36a,143462,2025-07-07,103.54,applepay,web
9d8bb11d-0837-4c79-ba5a-869837b87552,102862,2025-07-07,266.1,paypal,ios
bd0e3f08-a99d-4fd5-bd42-33d985e47fb7,111446,2025-07-07,294.46,paypal,ios
3de255e3-95c9-4b5c-9481-4157edd54c1a,101969,2025-07-07,208.19,paypal,store
ea8182b4-0645-432a-80db-bfaad6ab5da9,102774,2025-07-07,69.84,applepay,store
833662b4-a6eb-475e-a215-f994656976e0,101243,2025-07-07,292.8,paypal,android
b93f92de-136c-4bc6-b29d-f8a8b1272139,140376,2025-07-07,238.02,paypal,android
1657cb70-19d0-4f69-8598-a03e0cb8a6a1,137081,2025-07-07,474.24,cash,web
5579969c-f793-4013-8022-a3392af66cb7,106827,2025-07-07,477.19,cash,ios
b23efe71-dae2-4ae7-bffa-fc36f73f281f,139457,2025-07-07,43.3,card,android
4f4ac0b7-a3bb-482b-9316-52380d172b96,127186,2025-07-07,324.32,cash,ios
d8f4a29a-bc4f-418b-bcd0-0b4ba24a6836,126729,2025-07-07,18.35,cash,web
f5534092-6dbd-4c05-91f1-434ad22139d9,149279,2025-07-07,46.22,cash,store
94b5da51-7076-49ba-96a8-c175b2819d61,111653,2025-07-07,480.02,cash,store
4f50968f-9226-49c1-ad42-558622865055,148482,2025-07-07,269.64,applepay,android
5872dd92-ca92-4c0a-abb9-1b96d5833276,123902,2025-07-07,165.07,paypal,web
0883497f-2803-44b8-be1f-29e646c08412,123384,2025-07-07,466.97,cash,ios
dd386ba1-d11c-4e78-b0a7-384583f12a35,109512,2025-07-07,52.71,paypal,store
f3788099-b710-4027-b49c-b28c79e0d3ca,102486,2025-07-07,92.18,applepay,web
53cf92f7-54be-49fb-a931-8ff294d89725,106380,2025-07-07,466.55,paypal,ios
6c7804df-47b5-41a6-8d44-4dcc681cd0e8,138068,2025-07-07,428.06,cash,android
d5538847-d945-40d3-b126-82211d42af8e,106877,2025-07-07,381.3,applepay,web
399fb26c-42ec-4509-a14c-cc2829746c2c,109906,2025-07-07,481.27,paypal,web
e24f8000-23ce-4c31-9559-63dc63d6d9ba,102242,2025-07-07,450.22,cash,web
7c56aeba-8592-4cff-b260-d0704e032758,103790,2025-07-07,148.34,paypal,web
5910b187-47bd-44d5-b597-e948a221074b,102894,2025-07-07,188.92,applepay,ios
673c0dda-723d-4c68-b908-995849a8b3c6,107589,2025-07-07,475.19,card,web
062e17c5-12d1-4370-bc1d-02dd7b1f1b57,118475,2025-07-07,217.6,cash,ios
0cba3b2f-7677-4553-83fb-5e9d54d7cbba,143584,2025-07-07,116.5,cash,web
b62104a7-92e8-4f09-b8f5-6c3b32339ce8,139253,2025-07-07,59.93,cash,web
f9a04554-1d1e-47ac-8927-70f81ab98201,105123,2025-07-07,480.84,cash,store
6632ed85-ea71-458e-a30f-4cee58798a9e,100712,2025-07-07,397.14,cash,ios
9a52b733-c696-446d-a923-90a2da3d7c2c,146984,2025-07-07,62.85,cash,android
b45de99f-da7d-4c16-b879-1196740f8ea8,108373,2025-07-07,381.59,card,android
881d52d5-eb94-4fa5-bceb-bb25ba2bb09d,124733,2025-07-07,28.6,paypal,store
08ed755b-eeb0-4711-b9e6-a5c6df39272d,112552,2025-07-07,208.14,card,web
9835c1b9-8e54-4d75-a108-f7fc1eb33376,111027,2025-07-07,238.32,card,ios
2b5d7357-d73b-47d7-a920-ffb19f763182,139561,2025-07-07,98.88,cash,android
bf65eb1d-3a71-463c-b826-043c7a7db368,127169,2025-07-07,77.4,paypal,ios
12f42b32-a0be-4af5-9882-b2d3775017a5,137206,2025-07-07,31.07,paypal,ios
f3732388-ded4-4a22-a316-7577ec974985,117174,2025-07-07,392.6,paypal,android
d71f8314-4408-49c3-95ec-d46cbf39c784,130057,2025-07-07,277.38,paypal,web
d6d59879-df57-43df-a4b7-2fb467917cf4,121545,2025-07-07,253.65,applepay,android
21d94d6c-a74c-411d-86e9-fda32d353e59,103316,2025-07-07,459.49,card,android
101a974d-6a88-4ea9-a57f-3249ed090bf9,113247,2025-07-07,142.74,paypal,ios
dac30b36-267d-4c26-b0d1-ca0678e7454e,131412,2025-07-07,18.11,card,android
f4ad04c6-1ede-4453-a9db-e0ee4c479a5c,107471,2025-07-07,75.65,cash,store
24160501-bbce-4bda-a3a8-5476c4a9e27e,114965,2025-07-07,285.73,paypal,ios
4fd48249-9125-4ae2-a6bf-bbe4c50249bc,112584,2025-07-07,256.48,cash,web
c9faf42b-1700-4d38-a3e6-22ce0fa432c0,107199,2025-07-07,210.38,cash,android
b8380385-3492-4c7f-b26a-a6cb1f674968,128056,2025-07-07,95.12,cash,store
af1cb642-22be-4320-a64d-9a43b9da7430,141230,2025-07-07,42.26,card,ios
81dbaba0-9f1f-4af2-8301-c4e2ac793b11,133224,2025-07-07,365.84,cash,android
03740a49-44c8-4153-88c1-0a261fddda67,101437,2025-07-07,93.75,applepay,web
d6033721-cda2-4af1-8f84-7b9d31631b9f,104706,2025-07-07,300.57,applepay,web
c85445f1-c6c6-4420-8c0b-2dd8061d4513,122547,2025-07-07,58.05,card,android
62834560-fdc2-442b-92e4-00570dcf14bd,126967,2025-07-07,461.9,applepay,store
23913bbd-9797-495e-ab10-c38b37638b00,131071,2025-07-07,135.01,paypal,ios
e90a1d91-6e46-4976-801c-82b8ea17909f,100470,2025-07-07,354.31,card,ios
6b062b93-ea60-4d70-ac47-df6224567a1f,141340,2025-07-07,176.37,applepay,android
9c249819-77f6-4f06-8a84-3c44b3fff95f,146109,2025-07-07,111.04,card,ios
73e30ca8-d612-4107-83bb-d89a947b80ef,116097,2025-07-07,41.72,cash,android
d6cffc38-c6a6-48ab-85d4-69931771a0b0,137790,2025-07-07,195.72,cash,web
7fa15590-51cd-4d6a-90b1-2c78dbff6de7,135902,2025-07-07,231.03,card,web
bdd72d5b-1cbf-450f-8194-fdaf8621e30a,118287,2025-07-07,47.55,cash,web
5f00fbb5-fdfb-4197-971f-9b5cca2ed67b,130274,2025-07-07,257.3,paypal,web
4dfbbcaa-d5da-49cf-a802-2abb47dde5bf,114735,2025-07-07,11.53,applepay,android
426c9c0e-a91c-4ce3-a756-e76bc55f1c26,117034,2025-07-07,323.18,card,android
5e465811-e760-49c9-ac0a-feaae8c0f879,127070,2025-07-07,365.33,cash,android
6cab1d45-38e9-4355-a2cb-12524f92c433,138332,2025-07-07,109.91,card,ios
ff8a35e5-8a03-4b72-ad4d-f311ac6ce17a,144547,2025-07-07,200.63,cash,ios
ef845706-4d2e-4a63-998f-71d3afd1fdd5,104001,2025-07-07,456.37,cash,android
41583e60-369a-406b-9e3a-3dae5ee22918,143789,2025-07-07,152.83,cash,android
c1179190-40a0-49de-bf5d-446bde320838,128719,2025-07-07,290.12,cash,web
65a1362b-5d41-4ecf-8a38-1e5e2db68016,140304,2025-07-07,390.51,paypal,store
a2e1c62b-5653-47b3-9a07-c04deac74ccf,134887,2025-07-07,97.75,cash,web
f145c71b-4172-442c-8e03-6f2755f690aa,108777,2025-07-07,56.75,cash,web
6439f625-cc1a-4556-a648-87d0ee3a2134,108143,2025-07-07,189.43,card,android
905a748e-bf74-438a-8464-dd6ca2251161,121092,2025-07-07,20.75,cash,store
c9cb5c03-44ad-43ad-8736-fb4707b45a9c,114607,2025-07-07,362.71,card,web
49b0d5a4-78d8-4925-8b50-569abf9f319e,134354,2025-07-07,144.64,applepay,store
b4fdb5e1-a7fc-4f57-98b5-6c80012a9cfa,117645,2025-07-07,239.92,applepay,ios
3d24f337-986e-40fa-85fe-95c7b36bb73d,112103,2025-07-07,233.12,cash,android
f0f55495-9828-4222-8403-46ef3251a35d,135103,2025-07-07,476.75,card,ios
17e6b354-99ea-4e66-a4ce-64ee38d23643,104169,2025-07-07,165.29,card,android
f69f7494-58b9-4aa0-8338-b9a79efaa354,101129,2025-07-07,69.82,applepay,store
3fe2485f-0742-458d-b64b-db1f7aafd64e,100266,2025-07-07,324.51,applepay,store
9da62ffa-976a-448b-96da-7b36de644495,105876,2025-07-07,162.08,applepay,ios
268bc092-e05d-4a29-86b9-7bc93a3cafe0,113825,2025-07-07,56.95,cash,android
37969532-1120-432a-a38e-21ac94f2f0e8,131230,2025-07-07,110.99,card,store
ed21a330-dd61-42ae-96a6-4150e1d6b500,102339,2025-07-07,45.92,card,android
998c5983-f35d-46d7-95a6-431d4380370c,112142,2025-07-07,193.09,cash,web
c0d08345-369e-4355-ab03-62fb5b354e49,134686,2025-07-07,112.56,applepay,web
7fbf842a-68b5-4ad5-802a-37b6e0681563,139327,2025-07-07,26.51,card,store
5d7e1d9a-acf3-439f-b7ea-49f2c67a2573,105548,2025-07-07,435.01,paypal,android
ba878cc5-1205-4aae-987c-f052c7b6ac46,142999,2025-07-07,475.8,cash,web
5eb24aaf-3315-4589-a28a-ecce84903b54,113570,2025-07-07,41.98,card,store
f3a69eb9-99e0-470e-801c-ecf57788eb01,136779,2025-07-07,126.58,applepay,ios
0fae93c3-e262-4a7c-83cc-9b9fbe32ff4d,105835,2025-07-07,265.65,cash,android
99f41897-0caf-45bc-90c9-57bf870a2486,134425,2025-07-07,199.41,card,ios
ba3e47b7-53d0-4259-b9d1-2d1d064a68f6,113602,2025-07-07,223.99,paypal,ios
6a82339b-34b9-4187-aebb-74d613ce091d,105962,2025-07-07,176.69,card,web
2d108564-59c3-4f1b-8fae-e33028d477ff,127892,2025-07-07,224.28,applepay,ios
e9dfb93f-6b03-4926-a200-2462d1c27090,146070,2025-07-07,45.47,card,web
8dcd15af-1ade-4846-8999-5392b93c199b,143464,2025-07-07,120.21,applepay,android
e097c0f9-2d41-4e01-83ae-ae2a01c013aa,104271,2025-07-07,455.4,cash,android
af42bb91-3d25-4789-9caa-6707d933c2c9,110682,2025-07-07,157.09,card,android
568153ea-2ba6-44dc-8c60-e71e3a9c7874,142902,2025-07-07,128.43,card,store
ce430bc9-cd98-4499-b9af-cc81b93617e5,124408,2025-07-07,378.01,cash,store
6cd982c3-5ab5-44e6-9b4e-cbc8e0d33658,111008,2025-07-07,425.3,paypal,store
7eda6a15-93a3-44aa-ad36-5e29ff84571e,109064,2025-07-07,375.53,card,store
301e5a9e-1de2-4531-b1d5-ee7d685e33a8,125782,2025-07-07,422.63,cash,store
62570f20-8e48-46e4-9fdc-1955ca5cbf3f,144993,2025-07-07,336.41,cash,store
b8d54be6-f9af-4b5c-bb82-10afd6f84eeb,117018,2025-07-07,36.53,paypal,ios
7c4a06ee-e5e6-4ba2-853c-5875ec63dc50,148818,2025-07-07,414.13,card,store
e181226c-74a0-4884-869e-1f2f8625bbff,146490,2025-07-07,345.07,applepay,ios
ff91c0bd-19df-4179-8822-69d4062a1a71,117526,2025-07-07,293.4,applepay,store
69df7281-a64a-45fb-9798-bba6e12ec3dd,106092,2025-07-07,294.3,paypal,web
288e4fd7-cc5e-4366-ac31-a738d4ca6da5,137355,2025-07-07,26.82,applepay,android
ed66edb3-bbcd-49b7-8e39-e3b94d605848,106452,2025-07-07,364.96,card,store
966f1f24-9771-49d6-b5fa-c00646277c5c,118973,2025-07-07,40.3,paypal,android
2890d09a-d955-42c3-b8ac-6d17d37dd014,118011,2025-07-07,67.84,cash,web
b34b6960-9dd8-4f70-a3b1-71a0d9871951,117494,2025-07-07,449.91,card,store
1df54bb1-ae07-47bb-b60b-f656990fecfc,108780,2025-07-07,263.64,applepay,web
554702b0-bb17-4d04-8228-646d593615d0,100142,2025-07-07,99.08,paypal,store
a86c022f-976d-4442-8d79-07cbccb6ec8d,132934,2025-07-07,339.92,cash,android
5b2880c3-70ed-4474-9cc9-fe3f11e51b2d,129753,2025-07-07,273.96,cash,android
e69ff47f-60e3-4620-9e50-40846cf19e8c,143934,2025-07-07,214.76,card,store
9e714790-bf1d-44ca-a002-06c5cc9d3df8,140333,2025-07-07,213.46,paypal,store
aea5b56e-9828-4cb1-9ef1-c96cdd013141,107648,2025-07-07,281.15,applepay,android
bc4c4e92-c1a4-4675-93a0-799010b18988,136460,2025-07-07,51.43,paypal,web
31f03a11-9fc0-462c-9755-a0bbce832dc1,131195,2025-07-07,294.4,paypal,android
e1015cdc-0afa-41a6-a3c3-7a21ba24c59d,144019,2025-07-07,219.37,paypal,android
9775210b-4762-4899-8e9b-6f6db6dcf45a,129392,2025-07-07,146.08,paypal,android
a0f19d97-d46c-4348-a2bc-a9a046117c01,115553,2025-07-07,113.54,applepay,android
6a8b9628-f6c9-4dc2-a44c-e7f670f236b1,142589,2025-07-07,428.17,paypal,android
18898d6e-3051-47b6-9a52-89ecb59781c5,132436,2025-07-07,376.93,card,web
f1d8ef8c-6532-4831-afd3-db1d6386aebb,138550,2025-07-07,63.05,applepay,store
72609699-7595-4302-9426-ce68a8acca7e,106277,2025-07-07,177.93,paypal,web
f9f3162a-9404-461a-82b8-73f88b4e23bc,131488,2025-07-07,373.75,cash,android
b1304eea-31d7-4885-841b-de96e7a35a99,139504,2025-07-07,27.03,card,android
8f0af09b-d51d-4a26-8f96-71b87d8a18eb,128192,2025-07-07,364.21,applepay,android
869ae9b7-f12c-4ef2-9f92-890fe059d64a,100776,2025-07-07,269.81,applepay,ios
bb2b0320-afe7-465a-823a-0380b21e66b7,101706,2025-07-07,317.91,cash,android
35146e27-b2a5-4587-9ea3-83a519c86836,132793,2025-07-07,70.22,paypal,ios
48ec6e3e-73ef-4117-ab13-7a21cd8bdf27,133205,2025-07-07,178.45,card,ios
59b98093-ee4a-40ee-bfb5-8b9d3bfac700,143972,2025-07-07,83.89,paypal,android
92ede5ad-c0b6-41f3-8727-00f522ea4476,136316,2025-07-07,389.49,cash,ios
2e8dc3bf-225c-4027-8f23-6850de8a3617,149906,2025-07-07,292.27,applepay,web
6da5b4b0-277a-4efb-a1ed-616053ce5436,131352,2025-07-07,17.62,card,web
7ce3500f-5144-41eb-9fb4-8d2058f1adc5,125655,2025-07-07,419.33,applepay,ios
3df3994f-d237-4265-9284-39b92bcc7373,108932,2025-07-07,161.27,cash,android
ccb6c1de-8900-4cba-958f-1af24909a1bb,126808,2025-07-07,107.58,card,web
eb8d0848-b4e5-454f-8a46-2313de1396b8,126276,2025-07-07,387.2,applepay,android
193504c0-59aa-4321-b6df-42a4a7730dd4,118569,2025-07-07,226.86,card,ios
402965c8-d103-48aa-8428-f65a7173008b,105214,2025-07-07,18.63,card,ios
6f19f70c-b14d-4ec3-a37d-b30279bd746b,148125,2025-07-07,57.63,paypal,store
2c1f22b7-6b35-496c-8333-af42468ea967,104658,2025-07-07,47.18,paypal,ios
df13e68e-7c71-442d-8ef3-6e341ecdcceb,136124,2025-07-07,435.7,card,android
04fceea4-7663-465f-9d26-635aa2b889c4,143432,2025-07-07,347.45,paypal,android
5cd71014-2793-4c4a-ae50-1fad5f4cbc8e,114826,2025-07-07,352.62,paypal,web
b63de43e-aa33-4c8d-aa46-f8f26a958d3b,106861,2025-07-07,340.97,applepay,ios
550959c6-e1b5-43c6-8886-d5192a1185a3,148980,2025-07-07,100.94,paypal,web
c819f7a3-f78b-49c1-9a13-0735d4ce0966,133097,2025-07-07,242.38,cash,web
fa1899d6-e1ff-45f3-a6c1-9e9e00cae810,126755,2025-07-07,223.16,card,ios
02874d38-d241-49c5-8c23-b353fb2c19e6,135362,2025-07-07,163.51,cash,android
52398fd9-6c12-48a4-b2c2-0d15be6d87d5,100127,2025-07-07,116.24,applepay,web
a4bcc482-4ae6-462c-8ed1-c84429a26404,123452,2025-07-07,363.74,card,web
2f1ec611-57bc-4023-9283-f64e62d3fbf2,142893,2025-07-07,485.31,paypal,web
5d664e3b-580b-49c7-87ad-ccb4e0daf0d7,124803,2025-07-07,466.66,card,web
2a4f6c9b-fcc9-4efb-9105-d93ca0d217a3,104565,2025-07-07,482.12,card,web
f771fee5-7705-4ce6-8976-3e37517ff074,140415,2025-07-07,325.39,card,web
f9b47fdc-cb62-40e7-ace0-a763c8b53121,125755,2025-07-07,430.63,card,ios
12110303-aa97-49f2-a954-e8e6c214abbf,100217,2025-07-07,341.37,cash,ios
f61fad11-bcec-4791-9c93-cbedce0b3dec,103377,2025-07-07,203.61,applepay,store
ec696bc4-ec6e-4d41-b950-ba4dda218ade,112758,2025-07-07,415.23,applepay,web
56a15ec6-e2b7-4437-8295-e1d7d3ca1f67,120146,2025-07-07,79.13,paypal,ios
5df6a447-224a-4051-8b35-d12eb659e42e,121706,2025-07-07,439.78,card,web
9aa6c6c0-efea-43df-9307-fde495ca8a99,133588,2025-07-07,25.97,applepay,ios
a208337a-a546-42ac-a97e-24bdaf3a5290,110708,2025-07-07,226.65,cash,web
6904bd46-6f5b-4f2b-94df-be0912f2c3c7,144768,2025-07-07,132.82,cash,store
8dba0da5-2d15-4d36-8f59-411300383694,136842,2025-07-07,103.29,paypal,store
f804e0e5-2c4b-414e-a8e9-5cc97c6ab2f6,103110,2025-07-07,219.59,cash,ios
f586f6ac-4774-499c-9142-1c9133eb8d19,109585,2025-07-07,330.95,applepay,ios
c16d8fee-a809-4e99-8a09-8ea98bada928,109421,2025-07-07,327.91,card,android
d6ba9a60-7698-4008-b7cf-a9a688bc13b6,102082,2025-07-07,157.22,cash,android
12178712-d797-4eff-8c28-548d298e7d92,143847,2025-07-07,219.61,card,store
92bf5adb-2251-433b-acc1-a49ac667a40a,110264,2025-07-07,382.23,applepay,store
41520dc9-11a1-4d2e-abd2-c9b1bcc71748,118286,2025-07-07,309.76,cash,store
b3140f07-d0ec-4379-a724-84ab50b9157f,146619,2025-07-07,257.3,card,ios
42bc2560-b505-4661-b9a6-94125751a613,107238,2025-07-07,347.21,cash,android
3e5c9520-237f-4d59-b2fb-1fbfc8afa90a,121478,2025-07-07,161.48,card,store
bae29da9-94c5-4765-ab0b-eb90be2816de,110073,2025-07-07,145.21,card,ios
b697b466-f507-4f88-a3f4-37d91c04ca52,141795,2025-07-07,117.77,paypal,store
577a56be-5954-4064-94e6-e045120e71a7,149027,2025-07-07,103.1,paypal,web
72a9b648-176d-4ad6-b4c8-d7582fa9dfae,145360,2025-07-07,122.1,cash,android
d7e8289a-b754-4aac-acf8-5addde2d0ac5,123266,2025-07-07,344.95,cash,web
63e0c37a-44e3-4ffd-8b30-6200c5615cc8,106733,2025-07-07,203.69,applepay,ios
b2821aff-2530-46d7-b090-0a969ea71c57,138966,2025-07-07,150.41,paypal,store
95ec2937-b152-4d9f-8251-60432c571954,123000,2025-07-07,292.07,cash,android
154aa6d6-94c7-4a2b-a7a5-14a284344869,111561,2025-07-07,414.78,paypal,ios
d83a1217-fa4b-4974-b6ac-82345fbd7202,117963,2025-07-07,335.88,paypal,web
667b73b5-ab53-42bf-bbe1-1f1f7f5428e7,139761,2025-07-07,69.51,card,android
fc61f23b-24ce-454d-a0d3-f0d9cdda9fad,141987,2025-07-07,132.66,card,web
ced67025-870a-460b-b041-f7ef1ea38baf,131314,2025-07-07,115.1,card,store
1b1ab78c-2657-45a3-a96b-448bcd3b44b1,148813,2025-07-07,315.66,card,web
8ea31ca2-b29e-4ab3-8ad2-77d58afae394,108459,2025-07-07,11.0,card,ios
b8653f0b-9540-4fa1-8be3-ab662f75a741,124667,2025-07-07,200.02,paypal,ios
aec94218-c2b2-4f54-8e6d-565edf945e85,135638,2025-07-07,70.13,cash,ios
05217c0d-ab0a-4e90-9d63-a2de1b063dfa,135964,2025-07-07,20.49,applepay,store
13f59900-d8ed-4222-a668-5bc7ae30521a,128091,2025-07-07,148.23,applepay,android
26123f0d-ae49-430b-b174-10ead6409aea,133393,2025-07-07,457.37,card,web
244b255b-c0c6-42e2-a0da-7f52040ab79b,119293,2025-07-07,494.82,cash,android
40cc62f1-88d7-4879-a567-09c67b0bacd8,125705,2025-07-07,288.73,paypal,web
be4804fc-f12c-4e4c-9407-1e38757bf96c,142693,2025-07-07,358.31,card,store
c5fc39a8-1e7f-423a-b5e4-e3dbd7983828,107793,2025-07-07,209.8,applepay,ios
b1f740bf-248a-4426-98e4-5a889db847d2,115820,2025-07-07,439.45,card,ios
76494eed-593e-4cf6-b1bd-227dbb238d6f,149329,2025-07-07,238.87,cash,android
b2a6280b-a963-49b8-931e-fcae03ceb3e7,124872,2025-07-07,149.15,card,store
090186d3-a5ff-4077-aece-25549f32aaae,103769,2025-07-07,166.27,card,web
3a7e3574-b104-4d82-8af5-cd2ba97d2170,113216,2025-07-07,488.74,paypal,ios
c0ffcf83-f241-4ffa-901d-50c9013bcf38,119009,2025-07-07,404.34,card,web
735092f1-445a-433a-8809-bf5ae3ba2563,108301,2025-07-07,379.3,cash,store
61a92f88-ffd9-410d-ba56-e4c5cb2fcfa4,132226,2025-07-07,178.72,card,store
c8880435-729c-4398-a33c-ec1275575d2e,128842,2025-07-07,235.16,applepay,android
8871eb50-0dcf-4d66-a7c3-b8cf8f3c08b9,123498,2025-07-07,410.93,paypal,android
f252dac0-60ec-43e8-ad63-57eecfd16e53,130631,2025-07-07,153.94,paypal,ios
848285bf-c86d-4093-9b2c-e690062a2595,125376,2025-07-07,402.16,card,android
28a73b8d-c67d-44a6-bc15-ed343ad8a1c1,100976,2025-07-07,385.69,cash,web
89668303-bcf6-4135-a87d-7d0655a77dd7,148976,2025-07-07,470.68,applepay,ios
cfa9cc1a-e09d-4216-881a-790fd0c72e62,127509,2025-07-07,479.83,card,web
9a27ac6e-e69e-4434-b1c0-b54a6ca3f2b1,129165,2025-07-07,277.45,card,ios
7a4d73cb-667c-4967-9c5e-22242fdbd41e,141269,2025-07-07,46.66,paypal,web
1f7b3180-18bf-4ecc-b0ec-8b56777f46cf,121481,2025-07-07,335.43,cash,web
07ab5ea1-664b-40d3-b14c-0e505e61e584,129172,2025-07-07,270.6,card,ios
6f382456-65e5-4ca1-b209-b165c0bf8101,134058,2025-07-07,224.56,card,ios
bce75642-dd2b-4a2f-81d1-7d2925633130,112953,2025-07-07,133.01,paypal,store
bf28237c-2f75-49b3-aa91-ce6ec8f47f1b,142526,2025-07-07,7.65,applepay,ios
02e69b70-4212-4646-84ee-df2707055258,108609,2025-07-07,76.84,paypal,ios
34b399dc-4f63-4412-919b-a8f19ac864a3,141945,2025-07-07,246.65,cash,ios
9107df46-fcd9-4961-9123-32d101dc2134,149857,2025-07-07,412.92,paypal,store
a6e79e00-b937-4a22-a2ed-4b2f11bb5479,128255,2025-07-07,22.01,card,store
0248a38d-68f3-431e-9323-9464d7e35d47,119901,2025-07-07,174.17,card,store
fb966826-e92b-4165-930a-18d98a5383cc,134744,2025-07-07,338.35,paypal,android
65acc9d8-6f45-460b-82d2-f859b7027582,124672,2025-07-07,375.59,applepay,ios
9f8b4118-e596-4575-8a7c-cea2751b934a,102174,2025-07-07,144.62,cash,ios
ff41aea5-aecf-4eea-a928-ba1e5925f241,111478,2025-07-07,494.91,card,ios
ae5ed99b-9473-448f-ba75-00b15ed68e62,131229,2025-07-07,56.19,card,web
226555cd-dd39-4792-9ca5-5217e404dbb4,118615,2025-07-07,400.28,card,android
eeb562eb-5b85-429d-a92c-c4f2b1cad6ac,132666,2025-07-07,187.92,cash,ios
d6ec67f3-3f50-42ac-9393-a0f7a8fbe758,144522,2025-07-07,120.64,card,web
60a1e1c9-03eb-4401-91da-63f51dc35e96,128416,2025-07-07,200.4,card,android
9e333f26-bc88-4d60-afe0-0b0c3d900e7b,149759,2025-07-07,318.32,card,web
ef1851d7-81f2-4abc-8e0b-e6aa8dd3e39a,121228,2025-07-07,119.54,card,web
99c9e229-00b2-49b6-aff7-088921a362a4,137400,2025-07-07,435.07,paypal,ios
631865a4-c77f-4f71-b821-9d5c02ef9e1a,149303,2025-07-07,354.6,applepay,ios
a44cf108-1992-411c-a124-32c009b64a1c,104092,2025-07-07,49.55,paypal,web
4a744b7f-b3da-49b5-90c2-d7da29c64724,130258,2025-07-07,350.49,cash,ios
6e95fdd4-c71e-4c23-af88-85d6a8a1635e,112231,2025-07-07,34.77,applepay,android
dd2acee9-3018-461e-94a4-aa0f0909c2cd,102383,2025-07-07,391.24,card,web
7b39f8d9-0a87-41a6-b485-f2d06d4300b1,127076,2025-07-07,403.72,cash,web
64921ee4-f7c3-4e60-9021-267d5131d3f4,128312,2025-07-07,350.22,cash,ios
703d1a1d-bc63-42df-a1ce-1aa3fdebc4c1,121489,2025-07-07,492.66,applepay,ios
ba0e5b13-e2b6-49b6-a48d-d37cdc2df487,100525,2025-07-07,414.03,cash,store
d4608011-0626-438e-a74b-92016cfe430a,108886,2025-07-07,135.3,paypal,android
14cd21f2-57b9-42ac-9751-53d24f8ac93d,141443,2025-07-07,268.43,card,web
89c97fdb-e11c-4d5a-9b48-432a33fafdfd,119155,2025-07-07,117.17,applepay,web
5cab603b-f926-47e6-a79a-ce231d090409,146768,2025-07-07,316.17,paypal,android
13b12ec3-706d-4b4e-86a8-517e44d9b154,137048,2025-07-07,379.0,paypal,web
e18b90bd-32fc-4e02-87b7-efa49d0af155,106886,2025-07-07,295.09,applepay,web
f9e281a8-2dcd-4854-8e6f-dc4569af0d64,146608,2025-07-07,396.69,card,android
ac5e32fc-5700-4d04-b31b-f30f23d4303f,124531,2025-07-07,241.9,applepay,store
e21652b3-89d8-4f3f-acde-7caa2edebcde,124286,2025-07-07,262.7,paypal,store
e9814176-bef9-410a-8aa5-421f1af9671b,121954,2025-07-07,55.96,card,ios
24fd9e56-3f5e-4001-b933-bf37b3460993,149854,2025-07-07,312.18,card,store
46101e3d-0942-4a57-8282-e2cffb83c4b5,112545,2025-07-07,388.86,card,android
d28e6f53-093e-45a1-864c-8a95b572646c,120446,2025-07-07,13.2,card,web
22257971-ed15-4211-a344-a98ea2491911,143644,2025-07-07,89.65,cash,web
17f5a63a-7fce-48e2-a644-e80bea72d246,139069,2025-07-07,415.86,cash,store
89aef1fe-ea49-45f9-93c9-8a1ccb1f2326,142664,2025-07-07,466.35,card,ios
039f05af-14e4-4497-a07e-141730404883,107610,2025-07-07,142.64,applepay,web
aa5925d5-bec9-4acc-a8c1-13e7ff640866,103741,2025-07-07,65.98,paypal,store
38f4cb24-1c96-41cc-8677-a28c1ffe38be,101852,2025-07-07,38.55,card,android
b1b30fc9-e46a-4b58-9549-e1e20b8e2311,142961,2025-07-07,337.43,applepay,android
6998ab45-a7ee-49bd-adb7-023afa8ec1b6,121221,2025-07-07,334.55,cash,ios
8716ed14-1e30-45ee-8d76-ee4b43e3d61c,141592,2025-07-07,63.65,applepay,ios
970daf91-7e02-4f8a-9c71-3a13e8851a63,122831,2025-07-07,360.47,applepay,ios
ac256967-1131-4ffb-b99b-a467218da476,130919,2025-07-07,115.67,paypal,web
0127c83c-2696-44cc-a32e-fb0380cedc37,131251,2025-07-07,156.97,cash,android
5b12c693-f6d3-4e00-bbe1-7eb00faf3f78,125502,2025-07-07,211.3,applepay,ios
2976d38b-ff93-4e1e-8e82-a499e158de45,133215,2025-07-07,427.4,cash,store
93b747e0-0a1c-43d3-8e40-04902f368085,107031,2025-07-07,389.51,cash,store
3af133bc-179e-4e9b-80b0-e8f8ffb5badc,103115,2025-07-07,138.2,paypal,android
8260dc01-ff56-44a0-b0e4-7aee3033130b,103732,2025-07-07,301.9,paypal,ios
b315a33a-4a42-4106-886e-2cbbdbe7fde2,145303,2025-07-07,299.61,paypal,android
16263384-6bd0-4e35-b8fc-c41e3ac97018,134352,2025-07-07,153.77,cash,web
e38f8544-9fe9-42de-9166-f0f9b6ec2cc6,100634,2025-07-07,90.14,applepay,ios
3cbcb1c7-3570-49a5-865c-891b7c9bbb36,109390,2025-07-07,413.61,applepay,web
4b5c3b8f-a115-41ef-b250-e38dfc288bb0,149940,2025-07-07,361.68,card,android
f34d881c-20d0-4557-acc7-8afa53bf0153,131317,2025-07-07,413.0,applepay,ios
2070769b-662e-4253-917e-74bf5380b27e,112761,2025-07-07,167.17,applepay,store
0fd28fb3-023c-4b49-b542-dbcbbdd8fec0,139583,2025-07-07,366.35,paypal,android
edbe1b23-66c8-489d-a220-32cd37571445,125774,2025-07-07,489.85,cash,ios
6926ea12-fc4b-4793-9a9f-9c3bebeae355,103336,2025-07-07,69.74,card,android
c9341791-60ba-4b06-a949-61b4b205f6e2,109580,2025-07-07,74.54,cash,store
07280ddf-2e57-4613-aec0-ab959fbefadc,110244,2025-07-07,186.4,applepay,android
2a03ac45-1480-4b04-b0fa-771ac504adcb,106439,2025-07-07,57.09,applepay,ios
0fa5c489-7944-480f-a990-5a9865d5b791,143880,2025-07-07,30.67,applepay,ios
7bf71ede-5acc-4786-bbbd-50ef1049283a,109773,2025-07-07,306.45,applepay,web
a1909fc5-db35-424f-81e1-d790525e042a,119980,2025-07-07,343.74,card,ios
3dfa9457-b41c-4a86-a71a-2d68897d0af0,126036,2025-07-07,475.89,paypal,web
4bbec786-bd12-4e94-867e-b13360f7894a,145475,2025-07-07,291.66,cash,ios
fad76912-510d-4b98-8675-826bc65f408f,136438,2025-07-07,258.79,applepay,store
8a6d9380-2300-456d-8856-20aa97335420,138386,2025-07-07,331.8,cash,web
4818286d-4780-4123-9689-ff990d726cdb,123194,2025-07-07,289.71,applepay,store
5af2864f-47e6-4d86-b9bd-1138860cd4fc,120157,2025-07-07,65.75,paypal,web
b2bc2357-3f7e-4f97-a6e7-fd6ee30f191c,121446,2025-07-07,136.75,paypal,android
12ef54e6-99c5-44a9-8df2-1fd812ff0ec2,148808,2025-07-07,446.37,applepay,ios
71e1ccf6-d2cb-46f8-9cce-2f1ba5661311,119589,2025-07-07,44.39,card,web
fd8cbc76-dc49-490d-bc95-3ee72437b8e6,125276,2025-07-07,389.18,card,web
34d5e40b-a306-4323-bd81-4c69510536bf,144532,2025-07-07,5.04,card,android
41b9365f-5d8b-4b0c-9cb2-14df2c28a010,126312,2025-07-07,303.84,applepay,ios
28dcbd12-5391-4c2b-b548-aaf4916345a8,109727,2025-07-07,96.83,card,android
a8bfb805-c344-43e5-b23e-1386547cd0a1,113883,2025-07-07,175.94,applepay,android
7b84562d-ffd0-43b7-86ca-d74b6b7a8a1b,118432,2025-07-07,488.33,card,android
59279f43-65c6-4d62-8d8a-20817b093193,108832,2025-07-07,150.02,paypal,store
a1f9beed-0f1e-49c5-af2a-1afdf84ddd3e,134697,2025-07-07,205.93,card,ios
d8f35830-44e4-46c1-9bbf-85c74cc8ec6b,107646,2025-07-07,415.61,applepay,web
300150cc-92f1-4952-a75b-8008bf2e80c7,115285,2025-07-07,23.48,cash,store
d0e2761f-6c8b-4d64-9a31-eb674e9de673,139039,2025-07-07,116.57,cash,ios
b40dd5cb-df88-468c-8fbc-58a401165f51,138412,2025-07-07,365.16,applepay,android
7d3d4416-bab5-4bd2-a22c-94667f3ae8c4,126399,2025-07-07,235.19,paypal,store
5e980c3b-57f9-4660-b885-2592f5f8ef52,148815,2025-07-07,400.93,paypal,web
86adf90f-fd61-466c-ba91-756dd1deabd1,137834,2025-07-07,306.29,applepay,web
790011c7-d22c-40fd-a469-5ab6c178aeed,143851,2025-07-07,226.95,applepay,store
9085082f-302e-4dcd-97d8-c06832e011ec,113556,2025-07-07,111.81,applepay,store
f6299a4b-aca1-41ab-bed7-51da2ea463f8,121267,2025-07-07,397.84,applepay,android
e66c9eb7-1cdc-4bcf-beaa-0ec11b9c4cc7,141815,2025-07-07,90.32,applepay,ios
fffb65fd-23b2-4ba9-8c32-dc9b8fe4f2e7,149565,2025-07-07,237.24,cash,web
10dc7fb6-8e3f-465a-abd2-9c4b2de4f0e8,127340,2025-07-07,488.22,applepay,ios
e1a9da23-8700-428e-938e-b14befd185d4,135072,2025-07-07,117.52,paypal,ios
e3a42cd9-cf73-4f55-a38c-b8aa2f3abfe4,105089,2025-07-07,171.96,applepay,web
c6426def-2a83-4b9d-af19-f8ac27e7d42e,118082,2025-07-07,124.82,applepay,ios
e8d6702c-764f-4e0d-a4cd-2fa3c9c5f635,136031,2025-07-07,210.77,paypal,android
c76d56cc-a025-4774-a8b7-7a99b0e6a280,121661,2025-07-07,396.65,cash,android
8e299096-dff2-4b64-9d08-c6846ec7e5fd,104876,2025-07-07,460.35,card,ios
5f784ebd-3118-4ea0-a279-aa5de7f32601,115387,2025-07-07,230.54,applepay,android
e9aefc8a-634b-434c-b72d-ed976f1bd91b,121488,2025-07-07,20.7,cash,store
797a65da-b41f-46d1-b444-601ac160a391,142097,2025-07-07,219.98,applepay,ios
58e45273-3bf2-4514-8293-bfbb866fe360,136527,2025-07-07,375.34,paypal,web
430dcbdf-3451-4874-b508-5221d4e7c890,145220,2025-07-07,71.58,card,web
de339eee-1a8b-4cd9-a435-440648bd040b,138521,2025-07-07,247.28,paypal,store
8996c17b-f7d7-4c31-b732-2532f8a6f9c5,115854,2025-07-07,219.87,card,ios
49ad6036-d684-4607-8a68-ea8ddf03d70f,120163,2025-07-07,131.3,cash,store
289f0f34-13c3-48c0-b2b3-b155f8e0c835,139386,2025-07-07,314.01,cash,android
fade96c3-5b7c-4daa-9866-a4f32f72b366,148009,2025-07-07,438.59,cash,ios
6f80994a-06ce-4bd4-84c3-f1c699a24483,140051,2025-07-07,117.94,cash,ios
298551d8-b921-4e27-a34c-1bf129d505e4,132390,2025-07-07,98.4,card,web
a4ccedeb-4f38-43e8-bcf3-14c92a8f34dd,112024,2025-07-07,301.92,cash,web
834e5523-f208-4997-93ca-3307423e1b3f,103850,2025-07-07,221.21,applepay,web
2e308ffe-feec-48f1-9a4e-5be2d62e8e8c,103796,2025-07-07,381.45,applepay,store
99325c53-d373-4921-b35f-44d1eb85a18b,120758,2025-07-07,392.28,paypal,store
9fd905c4-696e-4bf9-91ce-b990d8da480a,103520,2025-07-07,190.41,card,android
36cc478c-d9dc-4908-b64a-8716020d004e,118150,2025-07-07,75.31,paypal,android
239f26e9-28e1-4a5d-8bec-f80c69a5110f,107651,2025-07-07,243.93,paypal,ios
9623e615-5c11-4900-b9e4-cef09c7a4a7f,126575,2025-07-07,68.61,applepay,ios
453bf2c0-8087-4ece-b654-6b0171a73fdf,130616,2025-07-07,9.93,applepay,web
dabbdb2e-4288-48d3-b377-f4f6eee32ae1,116887,2025-07-07,92.36,paypal,web
e64a0f17-dada-4bc4-8a8a-e4c3774a3f9f,115896,2025-07-07,222.1,applepay,store
156c8934-7aa8-4b92-8950-b2ef964a86e3,139480,2025-07-07,417.18,paypal,android
4eeb4b82-dce7-4729-bfbb-4efc7ff33e20,142870,2025-07-07,44.44,card,store
45ce509e-bd5d-4a38-9ed9-9b8d06e31990,137209,2025-07-07,86.22,applepay,store
fa582934-175a-44d1-b11b-4ad46e92c25f,144532,2025-07-07,59.63,cash,store
13fe23e8-599e-45f9-80df-f5999c90e022,112055,2025-07-07,417.89,paypal,store
af663af8-b13d-44f8-b11d-c5073e1f7976,112324,2025-07-07,165.6,card,android
bba84d8f-362e-4c92-9c14-011d59713aac,117886,2025-07-07,40.26,cash,web
96cfe782-908b-49b7-81c1-495958e7d7c1,119148,2025-07-07,326.73,applepay,ios
7e8dc1fd-ced7-4b77-a43e-5ec3e3079465,119027,2025-07-07,261.29,card,android
64e3019f-827a-4bae-9f98-1fbf4a3e7bd4,126301,2025-07-07,499.39,paypal,ios
eeb672b9-a887-4e58-b3a3-3f1681c7adb8,146342,2025-07-07,434.4,cash,ios
9792f53d-ed32-43c1-a645-dbe8d1ffb39f,100690,2025-07-07,392.91,card,web
2a47571b-79a4-4026-912f-51509ac58ad6,126223,2025-07-07,433.72,applepay,ios
1ce34bec-de8b-405f-ba34-495fea0c27e5,106982,2025-07-07,439.93,card,web
f2b84f71-c096-4aeb-8a2e-340675a3f072,117881,2025-07-07,39.84,applepay,android
dbd6bc6b-52d7-467f-9d6c-2e494dad9706,140274,2025-07-07,385.82,paypal,web
db477b5d-34ba-4182-a8cb-ccf80867014c,118860,2025-07-07,107.4,cash,ios
d29c8904-0e89-4f3d-bf4c-84b89768db12,126062,2025-07-07,467.2,applepay,ios
745c757e-9cd6-4cbc-bdb4-4db97b2f29c7,123054,2025-07-07,314.86,card,store
c49824f8-1e62-42b7-a1a3-39d01128a196,103376,2025-07-07,171.14,applepay,ios
05fec272-ed70-4cc6-96d9-3eb8ed057ec0,110120,2025-07-07,471.7,card,store
d3715671-97be-4b1c-b28e-bd9ed3325646,120370,2025-07-07,302.26,card,web
0aea2db9-7d33-40bc-aff8-c798069eaaf2,141635,2025-07-07,293.4,cash,store
4ba94f2d-fdd6-41a7-8cdc-8c78a463701d,122585,2025-07-07,144.07,paypal,ios
90cb6a05-bf85-4671-b778-2faa8b10256e,115962,2025-07-07,144.44,applepay,ios
7ded1318-0f2d-4396-9fb9-e525aaeb5b71,129399,2025-07-07,49.44,paypal,store
d448f309-f414-4eea-89ae-81a6f9260d44,107790,2025-07-07,142.81,card,web
55592d8a-02d4-4c42-91f7-fa82dd164086,147446,2025-07-07,67.61,paypal,web
d8b178ff-3ecd-4613-8f27-1467ceeb28eb,100128,2025-07-07,183.62,applepay,ios
387387a0-a92c-4596-8854-69e3d8cdbdb7,130576,2025-07-07,5.55,paypal,android
d293d3af-4f9b-4fab-ab43-eb701ac25c75,131153,2025-07-07,432.39,card,web
abdcb3b9-a109-431e-9823-0bed0bfb453d,129547,2025-07-07,303.96,card,ios
e640362b-3428-496e-947f-790298c9f4a9,106771,2025-07-07,348.42,applepay,android
c2f89996-dee3-4766-95f8-37869796a8bb,121351,2025-07-07,239.93,paypal,store
4e8e5c9f-37c6-4df0-90fa-0ee9c14dd075,105623,2025-07-07,54.78,cash,web
b736293f-1290-4ee9-bf8f-9bcfb37dc851,146305,2025-07-07,469.3,paypal,store
226e3571-3e5a-4384-a66b-243845a8de99,142471,2025-07-07,285.31,card,store
fc51dc14-6b58-4c61-9164-bf40fac38a96,131196,2025-07-07,273.39,card,web
21c07e8d-e97e-48d0-b82f-8e123e2dcf16,112854,2025-07-07,320.72,applepay,ios
718139f2-c4b1-43bb-8056-d0670b442f2d,101802,2025-07-07,103.83,paypal,ios
d35b917a-e402-4af0-91e3-25bb7c848dba,123830,2025-07-07,267.28,paypal,store
83cf954b-61f3-472d-b04e-67879c097a84,137793,2025-07-07,244.8,paypal,store
3140718e-a47a-48e0-90a9-1966eaacf888,129039,2025-07-07,273.37,applepay,web
bbb8e743-9ca5-4189-8933-3f3956488fe4,121193,2025-07-07,172.77,card,android
dcd3d0fd-b3e7-4176-8be8-69d4318c8a59,101285,2025-07-07,99.94,card,ios
93fe3029-1282-43c1-9e02-9754b6a055fa,122256,2025-07-07,23.67,paypal,ios
d3ff082a-3512-4124-8120-79ad9e23459f,114686,2025-07-07,266.62,paypal,store
a391b713-192b-436e-b6f9-aeba17aa349c,147893,2025-07-07,28.77,cash,web
602d19f1-8b94-49b7-b94f-a287ca76f7d5,140612,2025-07-07,135.6,applepay,store
fd1c37b9-b94a-4ce4-ae88-520474b7bd4a,112560,2025-07-07,343.35,paypal,ios
9dee63fc-2eb0-4625-926c-4be6743a49ec,133349,2025-07-07,373.47,applepay,web
0ce0048a-94b4-4513-9ee5-cdc7ce127dbf,132246,2025-07-07,202.53,card,ios
1cd769aa-00e2-4701-8161-d15f46a8082b,100344,2025-07-07,193.85,card,store
1d64ff36-f0fb-4d7e-b132-186f6d78d7e1,110488,2025-07-07,191.57,card,store
c6c8922d-c712-437c-a4d2-c3b8dbbc83ba,149873,2025-07-07,402.58,card,web
66e1c90f-0c88-4dd1-ba7e-113c1a26229a,105819,2025-07-07,353.94,applepay,store
4898bf7b-72b9-4aed-9351-daa94eb8ed91,124757,2025-07-07,281.81,applepay,store
386a719a-f455-4af6-b992-218418a3c634,132917,2025-07-07,388.86,cash,store
1bb35c48-b400-404f-8024-2d3e69cf42c2,107639,2025-07-07,269.42,cash,web
0bbc2dd3-06e5-4da6-8ada-6fa897aaa2c5,149912,2025-07-07,419.55,cash,store
5da2cb83-5d50-4d56-8557-e9c3f628136f,124026,2025-07-07,417.42,card,web
e72ccb49-585d-4114-bf12-4e5e54e39ccd,106963,2025-07-07,343.86,card,android
608e1ee1-bdd6-4446-a222-22fa33700522,148003,2025-07-07,473.21,applepay,android
84834919-9544-4832-9895-0a39f7ba751b,127145,2025-07-07,7.11,cash,ios
683e4963-ed25-46f6-9087-012d10bde867,123188,2025-07-07,200.75,paypal,android
26858ad7-4ff4-4326-8e53-ec98bda637b3,119337,2025-07-07,261.5,applepay,web
b49a3d09-4a8a-4c4e-878a-de5434745257,125268,2025-07-07,215.86,paypal,web
f2215cd5-829a-43b1-b1e0-247388b00e55,132055,2025-07-07,126.67,card,android
2553273d-edeb-4019-bd51-1601117657d8,124643,2025-07-07,165.48,paypal,ios
b4a736f5-8149-4e64-95f5-7ba8496d7e90,106941,2025-07-07,385.43,paypal,store
69741296-d99f-47b8-91e8-70684024039f,133007,2025-07-07,479.15,cash,android
3641fd75-36d2-4358-bdfd-1649400fb1db,128849,2025-07-07,267.68,card,store
b853bb5c-4389-43f8-be5b-69494aa86867,106391,2025-07-07,226.42,applepay,android
ad71915e-a674-45f0-b462-62fcf3143e86,130125,2025-07-07,168.18,card,ios
bef8156c-e3ae-4344-b007-48b871dfbfbf,136325,2025-07-07,84.4,paypal,store
fe49c17d-103b-43da-93e1-2c95f537b0e5,105234,2025-07-07,54.2,card,web
8de452c7-e9a7-4927-9126-44b061bd73bc,116431,2025-07-07,405.03,applepay,web
0dd5cbfa-bf15-46fb-8914-989c92f9e60a,148890,2025-07-07,268.89,card,web
260aa15b-0a96-4526-bd46-51d22304bec3,106711,2025-07-07,189.91,card,android
f34fdc67-8d64-414e-aef1-ecae9a4066a8,136165,2025-07-07,229.99,cash,web
7b9f1610-9786-4f3f-bf80-6e2bd6f18be4,113509,2025-07-07,172.6,paypal,android
7a689487-84fa-44d7-813c-26db01df4577,147208,2025-07-07,352.65,card,store
10eadec6-27ae-44ac-bc95-2583234abde2,103615,2025-07-07,21.97,cash,ios
08d79f66-c1e1-436b-9c5d-b7f34f5e0f8b,140102,2025-07-07,333.63,cash,web
9c9a1e7e-3fb8-43ad-b3c7-435afa57dbe6,117645,2025-07-07,463.9,paypal,store
9241c4ae-c966-4682-b636-8ea503f0b5fb,109867,2025-07-07,30.42,cash,web
c886ca22-a303-43d1-bc52-18518e523f37,118322,2025-07-07,289.07,cash,store
5ed596d3-aeb0-4edc-8e25-64320349da63,117413,2025-07-07,315.91,paypal,web
9bf47839-b82d-414d-89a2-554beba7765e,149162,2025-07-07,345.03,card,android
2a7f8a99-9841-420f-ab29-52a0213f3935,113995,2025-07-07,32.38,paypal,store
a755a2ae-3b6c-4a89-b613-9c5fb1be3984,111167,2025-07-07,72.88,applepay,web
21866ba4-a0c4-4d3e-9f4b-0a2e0350abc0,104047,2025-07-07,250.66,applepay,store
df5ff10e-4ff7-4107-ba6b-f697484bcbdb,128962,2025-07-07,293.56,paypal,store
f8865d3e-a9a3-486a-b229-1f67f777e22d,137369,2025-07-07,107.95,applepay,ios
572b0712-6700-48db-851c-fed23b70223e,136726,2025-07-07,359.69,paypal,web
5c365dec-1d05-41c5-8953-38a7e32700ae,104522,2025-07-07,144.49,cash,ios
b2964bb3-1c5e-4fd2-b701-1ef4a678f0ef,130164,2025-07-07,262.38,card,store
ed911b38-1a57-4122-961a-91808aa353d0,120664,2025-07-07,15.86,applepay,android
120fab59-43c7-471f-bb2f-990a8e566730,124147,2025-07-07,26.97,card,ios
feed2a15-fa06-4234-b7c2-46ad65480cc8,105900,2025-07-07,36.51,paypal,ios
7bbffb6d-1cc7-4a6b-bcd0-af147cf0a7a8,141520,2025-07-07,208.41,paypal,store
b288421b-e14b-4834-85fb-f15ca21a9217,114854,2025-07-07,299.72,paypal,web
ec53d634-72d8-47e3-bb0c-2a2aac2ef0f1,134225,2025-07-07,497.54,applepay,store
e5db9290-2275-4644-acca-19f765401d6f,130649,2025-07-07,331.03,applepay,ios
7ae88426-60d6-4ff3-bd85-ca117796bcc5,145485,2025-07-07,72.07,paypal,web
35a62613-973f-4867-b351-3f39a530225e,106433,2025-07-07,12.33,cash,store
1ca48ec9-5f77-4b01-9d61-abc2b3f112ed,106215,2025-07-07,189.24,cash,android
a1dc613a-fa89-473f-a302-25981830104e,100197,2025-07-07,320.63,paypal,web
22077052-ed78-45ac-9883-f216158d85e8,135734,2025-07-07,444.18,applepay,web
a6a1f135-1b6e-4fcf-988c-67ca7ac9f252,149031,2025-07-07,249.03,card,android
3c6de733-0b73-45d5-9271-5c18421b780f,147503,2025-07-07,478.49,cash,store
6d442ca6-3d3c-4d63-b2d0-76bfce10aa19,103987,2025-07-07,16.6,cash,ios
1e0722c2-48de-4359-9e23-40267b4327f1,130853,2025-07-07,438.24,cash,ios
bb123e2c-5432-46c9-aa07-f5c0a932d73f,131409,2025-07-07,275.27,applepay,android
7e39656b-1538-453a-8f7d-5a424bbd9b2b,104787,2025-07-07,279.78,card,store
f0863d7b-1321-4280-b434-7c98d848a1ba,137083,2025-07-07,235.7,paypal,android
9ee2d880-a5dc-4fa0-8f28-4006abd2a698,116950,2025-07-07,397.01,cash,store
7d46b8cf-2471-4162-b486-dafeaf256f21,131148,2025-07-07,42.13,cash,android
1d79c9dd-360c-4026-9fdc-f01aa8ce5c36,109280,2025-07-07,190.67,cash,ios
cf591794-4e22-4e80-ad90-2c751ad00846,136780,2025-07-07,74.67,paypal,store
64ace227-d6cc-420c-87dc-c85ff0ecd88a,141475,2025-07-07,7.58,paypal,android
7d676be8-1671-48e5-913f-d76efe75ae31,114836,2025-07-07,389.28,applepay,ios
9438b80d-0422-4c8e-b29a-19113f2b31e2,146003,2025-07-07,207.62,card,android
94dd4ad7-a552-43b9-ac06-bd600ce1fc48,135840,2025-07-07,271.5,applepay,android
d3bb4a75-24bf-4762-991b-10841d788c83,111239,2025-07-07,196.01,applepay,android
71647abb-fe38-4d8c-8045-8d2c5e3da862,116482,2025-07-07,256.21,cash,store
f47c3085-0b79-4ae6-8f34-119ea3614d23,128775,2025-07-07,246.83,card,web
46c77a3d-92ba-41b8-a047-e07156d8fcbe,105679,2025-07-07,205.07,card,android
468906a0-c745-4931-b586-b44d72f329a0,111839,2025-07-07,218.99,applepay,android
e7ec2425-6743-4366-b90f-48bf897c2fa2,110965,2025-07-07,424.49,applepay,web
04ab7d16-f7f0-4531-9deb-b37162f1212e,120436,2025-07-07,148.72,cash,store
c3eb4e7a-d35d-4986-bf6f-5dc00d1278e5,117953,2025-07-07,464.68,paypal,web
1c75090f-1630-4794-9b6f-02c815c905a6,141325,2025-07-07,191.81,applepay,web
e9cbc224-7005-4e83-a5d6-e7c49af82fa9,136657,2025-07-07,299.53,paypal,store
edf2afdb-1646-4a8c-8820-e13fbae734ac,125808,2025-07-07,339.37,card,ios
